date,content_type,title,url,status,evidence
2026-02-14,inventory_scan,services+case-study assets (0/1),internal://scan,completed,docs/strategic-execution/runtime/Brand_Evidence/2026-02-14_auto_brand_scan.md
2026-02-14,inventory_scan,services+case-study assets (0/1),internal://scan,completed,docs/strategic-execution/runtime/Brand_Evidence/2026-02-14_auto_brand_scan.md
2026-02-14,inventory_scan,services+case-study assets (0/1),internal://scan,completed,docs/strategic-execution/runtime/Brand_Evidence/2026-02-14_auto_brand_scan.md
2026-02-14,inventory_scan,services+case-study assets (0/1),internal://scan,completed,docs/strategic-execution/runtime/Brand_Evidence/2026-02-14_auto_brand_scan.md
2026-02-14,pillar_article,Internal Resilience,internal://pillar-01,published,docs/strategic-execution/runtime/Brand_Evidence/pillars/2026-02-14_pillar_01_internal_resilience.md # pillar-01-2026-02-14
2026-02-14,pillar_article,Local-First Operations,internal://pillar-02,published,docs/strategic-execution/runtime/Brand_Evidence/pillars/2026-02-14_pillar_02_local_first_ops.md # pillar-02-2026-02-14
2026-02-14,pillar_article,Evidence-Driven Delivery,internal://pillar-03,published,docs/strategic-execution/runtime/Brand_Evidence/pillars/2026-02-14_pillar_03_delivery_evidence_system.md # pillar-03-2026-02-14
2026-02-14,inventory_scan,services+case-study assets (0/1),internal://scan,completed,docs/strategic-execution/runtime/Brand_Evidence/2026-02-14_auto_brand_scan.md
2026-02-14,inventory_scan,services+case-study assets (0/1),internal://scan,completed,docs/strategic-execution/runtime/Brand_Evidence/2026-02-14_auto_brand_scan.md
